{
  "humert_origin": {
    "speech": {
      "layer_0": {
        "hubert_layer_0": 0.9455597996711731,
        "hubert_layer_1": 0.9163361191749573,
        "mert_layer_0": 0.8457303047180176,
        "mert_layer_1": 0.907548189163208
      },
      "layer_1": {
        "hubert_layer_0": 0.9566169381141663,
        "hubert_layer_1": 0.9945149421691895,
        "mert_layer_0": 0.7852783799171448,
        "mert_layer_1": 0.949415922164917
      }
    },
    "music": {
      "layer_0": {
        "hubert_layer_0": 0.828196108341217,
        "hubert_layer_1": 0.7814251780509949,
        "mert_layer_0": 0.9638161659240723,
        "mert_layer_1": 0.7881931066513062
      },
      "layer_1": {
        "hubert_layer_0": 0.6652494072914124,
        "hubert_layer_1": 0.6669899821281433,
        "mert_layer_0": 0.8698617815971375,
        "mert_layer_1": 0.9624733924865723
      }
    }
  },
  "humert_0.5": {
    "speech": {
      "layer_0": {
        "hubert_layer_0": 0.9656165242195129,
        "hubert_layer_1": 0.9293756484985352,
        "mert_layer_0": 0.825364351272583,
        "mert_layer_1": 0.9062058329582214
      },
      "layer_1": {
        "hubert_layer_0": 0.9585394859313965,
        "hubert_layer_1": 0.9966375827789307,
        "mert_layer_0": 0.7833380103111267,
        "mert_layer_1": 0.9475106596946716
      }
    },
    "music": {
      "layer_0": {
        "hubert_layer_0": 0.8417044878005981,
        "hubert_layer_1": 0.7857493162155151,
        "mert_layer_0": 0.9525618553161621,
        "mert_layer_1": 0.7666393518447876
      },
      "layer_1": {
        "hubert_layer_0": 0.6824286580085754,
        "hubert_layer_1": 0.6812240481376648,
        "mert_layer_0": 0.8804107904434204,
        "mert_layer_1": 0.9540087580680847
      }
    }
  },
  "humert_0.3": {
    "speech": {
      "layer_0": {
        "hubert_layer_0": 0.9727233648300171,
        "hubert_layer_1": 0.9301362633705139,
        "mert_layer_0": 0.8417744040489197,
        "mert_layer_1": 0.908290684223175
      },
      "layer_1": {
        "hubert_layer_0": 0.9577519297599792,
        "hubert_layer_1": 0.9958144426345825,
        "mert_layer_0": 0.7811650633811951,
        "mert_layer_1": 0.9498160481452942
      }
    },
    "music": {
      "layer_0": {
        "hubert_layer_0": 0.9322198629379272,
        "hubert_layer_1": 0.8562658429145813,
        "mert_layer_0": 0.9032105207443237,
        "mert_layer_1": 0.6910374760627747
      },
      "layer_1": {
        "hubert_layer_0": 0.7933846712112427,
        "hubert_layer_1": 0.8674957752227783,
        "mert_layer_0": 0.886171817779541,
        "mert_layer_1": 0.8672159910202026
      }
    }
  },
  "humert_0.1": {
    "speech": {
      "layer_0": {
        "hubert_layer_0": 0.9935872554779053,
        "hubert_layer_1": 0.9508942365646362,
        "mert_layer_0": 0.7945132851600647,
        "mert_layer_1": 0.9053946137428284
      },
      "layer_1": {
        "hubert_layer_0": 0.9558290243148804,
        "hubert_layer_1": 0.9986119270324707,
        "mert_layer_0": 0.774170458316803,
        "mert_layer_1": 0.9442961812019348
      }
    },
    "music": {
      "layer_0": {
        "hubert_layer_0": 0.8706521987915039,
        "hubert_layer_1": 0.7792107462882996,
        "mert_layer_0": 0.9007967710494995,
        "mert_layer_1": 0.6817006468772888
      },
      "layer_1": {
        "hubert_layer_0": 0.7192621827125549,
        "hubert_layer_1": 0.7046878933906555,
        "mert_layer_0": 0.877856433391571,
        "mert_layer_1": 0.9054626822471619
      }
    }
  }
}