{
  "speech": {
    "layer_0": {
      "hubert_layer_0": 0.9804864525794983,
      "hubert_layer_1": 0.9479452967643738,
      "mert_layer_0": 0.8859625458717346,
      "mert_layer_1": 0.9288949966430664
    },
    "layer_1": {
      "hubert_layer_0": 0.9695366024971008,
      "hubert_layer_1": 0.9971145987510681,
      "mert_layer_0": 0.8375681042671204,
      "mert_layer_1": 0.9481968879699707
    }
  },
  "music": {
    "layer_0": {
      "hubert_layer_0": 0.9267936944961548,
      "hubert_layer_1": 0.8405897617340088,
      "mert_layer_0": 0.9278021454811096,
      "mert_layer_1": 0.7253389358520508
    },
    "layer_1": {
      "hubert_layer_0": 0.8273131251335144,
      "hubert_layer_1": 0.8631556034088135,
      "mert_layer_0": 0.9031184911727905,
      "mert_layer_1": 0.8768178224563599
    }
  }
}